time;I(C2);I(XQ1:E);I(XQ2:E);I(XQ3:E);I(XQ4:E);P(R2);V(/dc_plus);user0;
0.50028;54.3232;0.000502002;-0.000445123;0.000502002;-0.000445123;42005.7;1296.24;1044.67;
0.50128;43.4572;0.00056005;-0.000510374;0.00056005;-0.000510374;41703.7;1291.57;954.411;
0.50228;26.3775;0.000610179;-0.000571769;0.000610179;-0.000571769;41455.3;1287.72;853.656;
0.50328;4.94996;0.000652391;-0.00062808;0.000652391;-0.00062808;41279.2;1284.98;743.511;
0.50428;-18.5423;0.000686894;-0.000678014;0.000686894;-0.000678014;41186.4;1283.53;625.187;
0.50528;-41.6407;0.00071403;-0.000720302;0.00071403;-0.000720302;41179.6;1283.43;499.986;
0.50628;-61.9675;0.000734196;-0.000753781;0.000734196;-0.000753781;41252.5;1284.56;369.285;
0.50728;-77.4702;0.000747769;-0.000777486;0.000747769;-0.000777486;41391;1286.72;234.521;
0.50828;-86.6273;0.000755039;-0.000790716;0.000755039;-0.000790716;41574.6;1289.57;97.1786;
0.50928;-88.5973;0.000756167;-0.000793084;0.000756167;-0.000793084;41778.5;1292.73;-41.2332;
0.51028;-83.2936;0.000751159;-0.000784547;0.000751159;-0.000784547;41975.7;1295.77;-179.192;
0.51128;-71.3815;0.000739867;-0.000765401;0.000739867;-0.000765401;42140.6;1298.32;-315.179;
0.51228;-54.197;0.000722019;-0.000736254;0.000722018;-0.000736254;42251;1300.01;-447.699;
0.51328;-33.5984;0.00069726;-0.000697975;0.00069726;-0.000697975;42290.5;1300.62;-575.294;
0.51428;-11.7653;0.000665223;-0.000651628;0.000665223;-0.000651628;42250.8;1300.01;-696.562;
0.51528;9.03077;0.000625593;-0.000598388;0.000625592;-0.000598388;42132;1298.18;-810.167;
0.51628;26.6628;0.000578184;-0.000539462;0.000578184;-0.000539463;41942.3;1295.26;-914.86;
0.51728;39.3649;0.000523004;-0.000476014;0.000523004;-0.000476014;41697.5;1291.47;-1009.49;
0.51828;45.9088;0.000460306;-0.000409095;0.000460306;-0.000409095;41418.8;1287.15;-1093.01;
0.51928;45.7217;0.000390618;-0.000339602;0.000390617;-0.000339603;41130.2;1282.66;-1164.52;
0.52028;38.9346;0.00031475;-0.000268257;0.00031475;-0.000268257;40856.3;1278.38;-1223.21;
0.52128;26.3571;0.000233782;-0.000195598;0.000233782;-0.000195599;40619.6;1274.67;-1268.45;
0.521797;22.3993;484.276;-0.000307373;484.276;-0.000307359;41212.4;1283.94;-1286.4;
0.522082;22.3653;604.548;-0.000329629;604.548;-0.000329633;41735.8;1292.07;-1294.66;
0.52219;22.8371;511.09;-0.000298319;511.09;-0.000298319;41925.4;1295;-1297.49;
0.522249;23.2203;481.306;-0.000278937;481.306;-0.000278937;42023.8;1296.52;-1298.98;
0.522288;23.5241;469.267;-0.000270927;469.267;-0.000270927;42086.9;1297.49;-1299.94;
0.522326;23.8525;460.1;-0.000264696;460.1;-0.000264696;42146.1;1298.4;-1300.84;
0.522402;24.6132;442.682;-0.00025273;442.682;-0.000252731;42260.3;1300.16;-1302.58;
0.522553;26.5218;407.902;-0.000228595;407.902;-0.000228595;42473.3;1303.43;-1305.81;
0.522856;31.6572;339.071;-0.000179958;339.071;-0.000179958;42836;1308.98;-1311.28;
0.523462;45.3284;204.159;-8.22783e-05;204.159;-8.22782e-05;43304.3;1316.12;-1318.26;
0.524319;65.9614;16.3394;5.55736e-05;16.3394;5.55737e-05;43377.1;1317.23;-1319.02;
0.524657;73.5477;-1.17842e-05;9.19704e-05;-1.17842e-05;9.19704e-05;43275;1315.67;-1316.39;
0.525011;80.5311;-4.85732e-05;0.000122926;-4.85736e-05;0.000122926;43136.3;1313.56;-1311.87;
0.525396;86.6708;-7.74416e-05;0.000155779;-7.74417e-05;0.000155779;42967.6;1310.99;-1304.87;
0.526118;93.4502;-0.000132845;0.000215545;-0.000132845;0.000215544;42631.4;1305.85;-1286.05;
0.527118;92.3746;-0.000211522;0.000293397;-0.000211522;0.000293397;42158.6;1298.59;-1247.83;
0.528118;79.7187;-0.000291161;0.000364624;-0.000291161;0.000364624;41717.4;1291.78;-1195.88;
0.529118;57.079;-0.000370377;0.000428896;-0.000370377;0.000428896;41345.5;1286.01;-1130.77;
0.530118;26.9927;-0.000447627;0.000486343;-0.000447627;0.000486343;41073.4;1281.77;-1053.22;
0.531118;-7.30006;-0.000521104;0.000537289;-0.000521104;0.000537289;40921;1279.39;-964.093;
0.532118;-42.1868;-0.000588938;0.000582236;-0.000588938;0.000582236;40895.8;1279;-864.358;
0.533118;-74.056;-0.000649326;0.000621746;-0.000649326;0.000621746;40992.9;1280.51;-755.114;
0.534118;-99.6678;-0.000700657;0.00065633;-0.000700657;0.00065633;41195.3;1283.67;-637.564;
0.535118;-116.481;-0.00074163;0.000686347;-0.00074163;0.000686347;41475.4;1288.03;-513.001;
0.536118;-122.905;-0.000771336;0.000711922;-0.000771336;0.000711922;41798.3;1293.03;-382.795;
0.537118;-118.446;-0.000789315;0.000732908;-0.000789315;0.000732908;42124.8;1298.07;-248.378;
0.538118;-103.741;-0.000795566;0.000748877;-0.000795566;0.000748877;42415.5;1302.54;-111.229;
0.539118;-80.4746;-0.000790524;0.000759151;-0.000790524;0.000759151;42635;1305.91;27.1432;
0.540118;-51.1857;-0.000774997;0.000762864;-0.000774997;0.000762864;42755.7;1307.76;165.217;
0.541118;-18.9936;-0.000750074;0.000759056;-0.000750074;0.000759056;42760.9;1307.84;301.474;
0.542118;12.7343;-0.000717017;0.000746781;-0.000717017;0.000746781;42646.3;1306.08;434.414;
0.543118;40.7337;-0.000677147;0.000725218;-0.000677147;0.000725218;42420.7;1302.62;562.576;
0.544118;62.1786;-0.000631724;0.000693781;-0.000631724;0.000693781;42104.5;1297.76;684.549;
0.545118;74.9654;-0.000581859;0.000652206;-0.000581858;0.000652206;41727.2;1291.93;798.993;
0.546118;77.9183;-0.000528434;0.000600616;-0.000528434;0.000600616;41323.9;1285.67;904.647;
0.547118;70.8953;-0.00047207;0.000539545;-0.00047207;0.000539545;40931.3;1279.55;1000.35;
0.548118;54.7858;-0.000413117;0.000469936;-0.000413116;0.000469936;40584.2;1274.11;1085.05;
0.549118;31.4019;-0.000351682;0.000393095;-0.000351682;0.000393095;40311.4;1269.83;1157.81;
0.550118;3.27651;-0.000287694;0.000310614;-0.000287694;0.000310614;40133.8;1267.02;1217.84;
0.551118;-26.6099;-0.00022098;0.000224279;-0.00022098;0.000224279;40062.2;1265.89;1264.47;
0.55152;-35.0049;-0.000375225;592.64;-0.000375242;592.64;40751.9;1276.74;1279.33;
0.55165;-36.931;-0.000376278;586.445;-0.000376275;586.445;41028.1;1281.06;1283.64;
0.551746;-38.0162;-0.000353703;534.006;-0.000353703;534.006;41226.5;1284.16;1286.68;
0.551806;-38.5322;-0.000339239;511.147;-0.000339239;511.147;41344.6;1285.99;1288.49;
0.551863;-38.9181;-0.000328961;495.046;-0.000328961;495.046;41456;1287.73;1290.2;
0.551917;-39.175;-0.000320501;481.937;-0.000320501;481.937;41556.6;1289.29;1291.75;
0.552024;-39.4079;-0.000303639;456.092;-0.000303639;456.092;41750.1;1292.29;1294.72;
0.552238;-38.8285;-0.000269556;404.875;-0.000269556;404.875;42106.8;1297.8;1300.17;
0.552667;-34.13;-0.000200968;305.298;-0.000200968;305.298;42695.7;1306.84;1309.1;
0.553294;-21.1849;-9.98443e-05;164.505;-9.98443e-05;164.505;43251.7;1315.32;1317.4;
0.553877;-5.65612;-6.07579e-06;38.2258;-6.07579e-06;38.2258;43436.7;1318.13;1320;
0.554223;4.2479;3.8579e-05;0.00381262;3.8579e-05;0.00381262;43430.2;1318.03;1319.21;
0.554533;13.0839;6.7242e-05;-3.70632e-05;6.72421e-05;-3.70633e-05;43390.8;1317.43;1317.02;
0.554825;21.1583;9.31675e-05;-5.77066e-05;9.31678e-05;-5.77062e-05;43337.5;1316.62;1313.69;
0.555241;31.9862;0.000130224;-8.76843e-05;0.000130224;-8.76843e-05;43243.5;1315.2;1306.8;
0.556074;50.2813;0.000202695;-0.000148214;0.000202695;-0.000148214;43008.2;1311.61;1285.57;
0.557074;64.9545;0.000285676;-0.000221658;0.000285676;-0.000221658;42665.6;1306.38;1247.14;
0.558074;70.6112;0.000362835;-0.000295201;0.000362835;-0.000295201;42288.3;1300.59;1194.98;
0.559074;66.9274;0.000433262;-0.00036814;0.000433262;-0.00036814;41910.5;1294.77;1129.68;
0.560074;54.4744;0.00049641;-0.000439543;0.00049641;-0.000439543;41565.4;1289.42;1051.95;
0.561074;34.6939;0.000552014;-0.000508193;0.000552014;-0.000508193;41282.1;1285.02;962.646;
0.562074;9.75185;0.000600106;-0.000572695;0.000600106;-0.000572695;41082.8;1281.92;862.757;
0.563074;-17.6916;0.000640939;-0.000631554;0.000640939;-0.000631554;40980.5;1280.32;753.377;
0.564074;-44.7627;0.000674908;-0.000683279;0.000674908;-0.000683279;40978.5;1280.29;635.71;
0.565074;-68.6736;0.000702455;-0.000726486;0.000702455;-0.000726486;41069.8;1281.71;511.05;
0.566074;-87.0082;0.000723982;-0.000759995;0.000723982;-0.000759995;41238.4;1284.34;380.769;
0.567074;-97.9654;0.000739773;-0.000782916;0.000739773;-0.000782916;41460.6;1287.8;246.299;
0.568074;-100.535;0.000749943;-0.000794708;0.000749943;-0.000794708;41707.4;1291.63;109.12;
0.569074;-94.5874;0.00075441;-0.000795213;0.00075441;-0.000795213;41947.7;1295.34;-29.2595;
0.570074;-80.8757;0.000752895;-0.000784653;0.000752895;-0.000784653;42151.1;1298.48;-167.317;
0.571074;-60.9403;0.000744956;-0.000763604;0.000744956;-0.000763604;42291.5;1300.64;-303.534;
0.572074;-36.9387;0.000730044;-0.000732935;0.000730044;-0.000732935;42349.6;1301.53;-436.412;
0.573074;-11.4124;0.000707573;-0.000693731;0.000707573;-0.000693731;42315.1;1301;-564.49;
0.574074;12.9814;0.000677012;-0.000647202;0.000677012;-0.000647202;42187.7;1299.04;-686.358;
0.575074;33.746;0.000637968;-0.000594592;0.000637967;-0.000594592;41977.1;1295.79;-800.677;
0.576074;48.8002;0.000590263;-0.000537083;0.000590262;-0.000537083;41701.4;1291.53;-906.188;
0.577074;56.6857;0.000534001;-0.00047573;0.000534001;-0.00047573;41385.2;1286.63;-1001.73;
0.578074;56.7079;0.000469606;-0.000411403;0.000469605;-0.000411404;41056.8;1281.51;-1086.25;
0.579074;48.9948;0.00039783;-0.000344766;0.000397829;-0.000344767;40744.9;1276.63;-1158.83;
0.580074;34.4702;0.000319741;-0.000276274;0.000319741;-0.000276274;40475.6;1272.41;-1218.66;
0.581074;14.7455;0.000236677;-0.0002062;0.000236677;-0.0002062;40270.3;1269.18;-1265.08;
0.581515;8.57572;534.176;-0.000339231;534.176;-0.000339215;40874.6;1278.66;-1281.18;
0.581725;7.0543;626.732;-0.000361026;626.732;-0.00036103;41295.1;1285.23;-1287.85;
0.581829;6.73022;550.941;-0.000335216;550.941;-0.000335216;41500.4;1288.42;-1290.95;
0.581882;6.68756;525.122;-0.000318635;525.122;-0.000318635;41599.4;1289.95;-1292.46;
0.581922;6.71061;512.392;-0.000310348;512.392;-0.000310348;41672.2;1291.08;-1293.58;
0.581961;6.77871;502.573;-0.000303861;502.573;-0.000303861;41741.6;1292.15;-1294.64;
0.582039;7.04635;484.147;-0.000291556;484.147;-0.000291556;41876.2;1294.24;-1296.7;
0.582195;8.07703;447.595;-0.000266826;447.595;-0.000266826;42129.2;1298.14;-1300.56;
0.582507;11.8724;375.576;-0.000216963;375.576;-0.000216963;42569.5;1304.91;-1307.25;
0.583127;24.3179;236.137;-0.000117103;236.137;-0.000117103;43178.8;1314.21;-1316.39;
0.58375;40.1954;99.0137;-1.6404e-05;99.0137;-1.64037e-05;43425.7;1317.96;-1319.95;
0.584155;50.832;14.1411;4.78044e-05;14.1411;4.78045e-05;43392.7;1317.46;-1319.24;
0.584404;57.105;0.00561969;7.58085e-05;0.00561969;7.58085e-05;43324.2;1316.42;-1317.63;
0.584724;64.495;-4.03711e-05;0.000104226;-4.03713e-05;0.000104226;43215.5;1314.77;-1314.23;
0.585016;70.451;-6.17867e-05;0.00012952;-6.17869e-05;0.00012952;43104.6;1313.08;-1309.84;
0.58558;79.4781;-0.000104113;0.00017771;-0.000104113;0.000177709;42872.3;1309.54;-1297.87;
0.58658;86.7714;-0.000180907;0.000259177;-0.000180907;0.000259176;42432.8;1302.81;-1265.52;
0.58758;82.829;-0.000258975;0.000334548;-0.000258975;0.000334548;41993.5;1296.05;-1219.25;
0.58858;68.4075;-0.000337107;0.00040312;-0.000337107;0.000403119;41592.6;1289.85;-1159.56;
0.58958;45.2259;-0.000414032;0.000464756;-0.000414032;0.000464756;41264.3;1284.75;-1087.13;
0.59058;15.8407;-0.000488145;0.000519537;-0.000488145;0.000519537;41034.8;1281.17;-1002.73;
0.59158;-16.6066;-0.000557705;0.000567787;-0.000557706;0.000567786;40919.9;1279.37;-907.304;
0.59258;-48.7151;-0.000620949;0.000609972;-0.000620949;0.000609972;40923.6;1279.43;-801.898;
0.59358;-77.176;-0.000676213;0.000646598;-0.000676213;0.000646598;41038.1;1281.22;-687.67;
0.59458;-99.1115;-0.000722049;0.0006781;-0.000722049;0.0006781;41244.9;1284.44;-565.878;
0.59558;-112.365;-0.000757329;0.000704756;-0.000757329;0.000704756;41516.2;1288.66;-437.862;
0.59658;-115.709;-0.000781314;0.000726625;-0.000781314;0.000726624;41818.1;1293.34;-305.029;
0.59758;-108.962;-0.000793697;0.000743508;-0.000793697;0.000743508;42113.4;1297.9;-168.841;
0.59858;-92.9834;-0.000794604;0.000754958;-0.000794604;0.000754958;42366.2;1301.79;-30.7954;
0.59958;-69.5717;-0.000784559;0.000760314;-0.000784559;0.000760314;42545.1;1304.53;107.589;
0.60058;-41.2631;-0.000764424;0.000758767;-0.000764424;0.000758767;42626.9;1305.79;244.79;
0.60158;-11.057;-0.000735303;0.000749451;-0.000735303;0.000749451;42598.9;1305.36;379.298;
0.60258;17.9005;-0.00069844;0.000731545;-0.00069844;0.000731545;42460.5;1303.23;509.634;
0.60358;42.6438;-0.000655106;0.000704379;-0.000655105;0.000704379;42222.8;1299.58;634.363;
0.60458;60.6908;-0.0006065;0.000667531;-0.0006065;0.000667531;41907.1;1294.71;752.115;
0.60558;70.2908;-0.000553664;0.000620899;-0.000553664;0.000620899;41542.6;1289.07;861.594;
0.60658;70.5932;-0.000497419;0.000564755;-0.000497419;0.000564755;41162.7;1283.16;961.595;
0.60758;61.7206;-0.000438339;0.000499763;-0.000438339;0.000499763;40801.5;1277.52;1051.02;
0.60858;44.7401;-0.000376752;0.000426959;-0.000376752;0.000426959;40490.2;1272.64;1128.88;
0.60958;21.5376;-0.000312775;0.000347703;-0.000312775;0.000347703;40254.1;1268.92;1194.32;
0.61058;-5.38992;-0.000246375;0.000263605;-0.000246375;0.000263605;40110.3;1266.65;1246.63;
0.611188;-20.869;-0.00024897;143.6;-0.000248982;143.6;40304.8;1269.72;1271.78;
0.611434;-25.2843;-0.000398812;698.875;-0.000398809;698.875;40817.4;1277.77;1280.47;
0.611525;-26.5153;-0.000385066;594.508;-0.000385066;594.508;41017.1;1280.89;1283.48;
0.611568;-26.9951;-0.000362887;558.988;-0.000362887;558.988;41106.2;1282.28;1284.83;
0.611591;-27.2387;-0.000355118;546.628;-0.000355118;546.628;41155.2;1283.05;1285.58;
0.611614;-27.4522;-0.000350043;538.582;-0.000350043;538.582;41201.1;1283.76;1286.29;
0.611659;-27.825;-0.000342216;526.261;-0.000342216;526.261;41291.4;1285.17;1287.68;
0.61175;-28.3602;-0.000328021;504.168;-0.000328021;504.168;41466.4;1287.89;1290.37;
0.611921;-28.6443;-0.000301021;462.871;-0.000301021;462.871;41778.4;1292.72;1295.16;
0.612263;-26.6709;-0.000246399;381.819;-0.000246399;381.819;42324;1301.14;1303.49;
0.612949;-15.2138;-0.00013635;225.934;-0.00013635;225.934;43093.2;1312.91;1315.07;
0.613573;0.532601;-3.55179e-05;88.5571;-3.55179e-05;88.5571;43411;1317.74;1319.71;
0.613933;10.6939;2.14646e-05;14.2979;2.14646e-05;14.2979;43430.2;1318.03;1319.81;
0.614196;18.2027;5.11711e-05;0.00302704;5.11711e-05;0.00302704;43397.6;1317.54;1318.69;
0.614494;26.4174;7.80186e-05;-3.9107e-05;7.80184e-05;-3.91069e-05;43340.2;1316.67;1316.22;
0.614794;34.2718;0.000104628;-6.05829e-05;0.000104628;-6.05831e-05;43269;1315.58;1312.43;
0.615298;46.1906;0.000149067;-9.72389e-05;0.000149067;-9.72391e-05;43128.1;1313.44;1303.12;
0.616298;63.8194;0.00023432;-0.000171014;0.00023432;-0.000171014;42793.4;1308.33;1273.92;
0.617298;72.3675;0.000314406;-0.000245589;0.000314406;-0.000245589;42413.7;1302.52;1230.7;
0.618298;71.3016;0.000388155;-0.000320136;0.000388155;-0.000320135;42023.4;1296.51;1173.95;
0.619298;60.9568;0.000454968;-0.000393827;0.000454969;-0.000393827;41657.4;1290.85;1104.28;
0.620298;42.5757;0.000514485;-0.000465478;0.000514485;-0.000465478;41347.2;1286.04;1022.46;
0.621298;18.1948;0.000566654;-0.000533697;0.000566654;-0.000533697;41117.5;1282.46;929.4;
0.622298;-9.56877;0.000611675;-0.000596961;0.000611675;-0.000596961;40984.7;1280.39;826.114;
0.623298;-37.7935;0.000649909;-0.000653715;0.00064991;-0.000653715;40955.1;1279.92;713.74;
0.624298;-63.5587;0.000681794;-0.000702481;0.000681794;-0.000702481;41024.4;1281.01;593.515;
0.625298;-84.2454;0.00070774;-0.000741956;0.000707741;-0.000741956;41178.6;1283.41;466.762;
0.626298;-97.8018;0.00072806;-0.000771112;0.00072806;-0.000771112;41395.5;1286.79;334.874;
0.627298;-102.945;0.000742898;-0.000789259;0.000742898;-0.000789259;41646.7;1290.68;199.303;
0.628298;-99.2815;0.000752197;-0.000796091;0.000752197;-0.000796091;41900.2;1294.61;61.5392;
0.629298;-87.3325;0.000755694;-0.000791694;0.000755694;-0.000791694;42124.5;1298.07;-76.9014;
0.630298;-68.4653;0.000752941;-0.000776524;0.000752941;-0.000776525;42291;1300.63;-214.496;
0.631298;-44.7387;0.00074336;-0.00075136;0.00074336;-0.00075136;42377.7;1301.96;-349.731;
0.632298;-18.6789;0.000726311;-0.00071722;0.000726311;-0.000717221;42371.2;1301.86;-481.12;
0.633298;6.98876;0.000701183;-0.000675283;0.000701182;-0.000675283;42268.3;1300.28;-607.216;
0.634298;29.6239;0.000667477;-0.00062678;0.000667477;-0.00062678;42076;1297.32;-726.632;
0.635298;46.9425;0.000624901;-0.000572912;0.000624901;-0.000572912;41810.7;1293.22;-838.055;
0.636298;57.2463;0.000573429;-0.000514762;0.000573429;-0.000514762;41496.2;1288.35;-940.26;
0.637298;59.5887;0.000513359;-0.000453241;0.000513359;-0.000453241;41160.7;1283.13;-1032.12;
0.638298;53.8599;0.000445327;-0.00038905;0.000445327;-0.00038905;40833.8;1278.03;-1112.63;
0.639298;40.7846;0.000370301;-0.000322674;0.000370301;-0.000322675;40543.6;1273.48;-1180.9;
0.640298;21.8333;0.000289544;-0.000254407;0.000289544;-0.000254407;40313.6;1269.86;-1236.18;
0.641023;5.41743;0.000227799;-0.000203459;0.000227799;-0.000203459;40193.6;1267.97;-1267.79;
0.641331;0.242453;646.777;-0.00037745;646.777;-0.000377428;40727.9;1276.37;-1279.01;
0.641436;-1.04558;631.079;-0.000383556;631.079;-0.000383561;40952.6;1279.88;-1282.51;
0.6415;-1.67849;588.15;-0.000365394;588.15;-0.000365394;41088.8;1282.01;-1284.59;
0.641552;-2.08601;565.659;-0.000351139;565.659;-0.000351139;41194.2;1283.65;-1286.21;
0.641588;-2.32299;554.766;-0.000344186;554.766;-0.000344186;41267.8;1284.8;-1287.34;
0.641624;-2.50937;545.853;-0.000338449;545.853;-0.000338449;41337.9;1285.89;-1288.42;
0.641695;-2.75755;528.655;-0.000327288;528.655;-0.000327288;41474.6;1288.02;-1290.53;
0.641837;-2.77827;494.435;-0.000304779;494.435;-0.000304779;41734.9;1292.05;-1294.53;
0.642122;-1.10182;427.175;-0.000259427;427.175;-0.000259428;42201.5;1299.25;-1301.65;
0.642442;3.13404;353.476;-0.000208172;353.476;-0.000208172;42638.5;1305.96;-1308.28;
0.642893;12.2971;252.078;-0.000135474;252.078;-0.000135474;43094.5;1312.93;-1315.12;
0.64344;26.3249;131.935;-4.72036e-05;131.935;-4.72036e-05;43390;1317.42;-1319.46;
0.643846;37.5335;44.6962;1.80279e-05;44.6962;1.80279e-05;43427.2;1317.99;-1319.87;
0.644189;46.7734;0.0252581;6.41845e-05;0.0252581;6.41845e-05;43364.5;1317.03;-1318.35;
0.644458;53.6;-3.23381e-05;8.90687e-05;-3.23381e-05;8.90687e-05;43286.7;1315.85;-1315.96;
0.644706;59.3888;-5.01055e-05;0.000110608;-5.01058e-05;0.000110608;43203.9;1314.59;-1312.84;
0.645053;66.5929;-7.56705e-05;0.000140867;-7.56708e-05;0.000140867;43077;1312.66;-1306.97;
0.645747;77.3931;-0.00012762;0.000199831;-0.000127621;0.000199831;42799.1;1308.42;-1290.05;
0.646747;83.8313;-0.000204121;0.000280446;-0.000204121;0.000280446;42370.1;1301.85;-1253.67;
0.647747;79.3916;-0.000281481;0.000354786;-0.000281481;0.000354786;41943.2;1295.27;-1203.5;
0.648747;64.8508;-0.000358565;0.000422235;-0.000358565;0.000422235;41555.6;1289.27;-1140.09;
0.649747;41.9246;-0.000434096;0.000482649;-0.000434096;0.000482649;41240.2;1284.37;-1064.14;
0.650747;13.1339;-0.000506496;0.00053611;-0.000506496;0.000536109;41021.8;1280.97;-976.49;
0.651747;-18.4482;-0.000574063;0.000582935;-0.000574063;0.000582935;40915.2;1279.3;-878.094;
0.652747;-49.5145;-0.000635082;0.00062358;-0.000635082;0.00062358;40923.6;1279.43;-770.039;
0.653747;-76.8668;-0.000687947;0.000658535;-0.000687947;0.000658535;41039;1281.23;-653.514;
0.654747;-97.7431;-0.000731271;0.000688219;-0.000731271;0.000688218;41242.6;1284.41;-529.8;
0.655747;-110.095;-0.000763984;0.000712899;-0.000763984;0.000712898;41507.2;1288.52;-400.258;
0.656747;-112.786;-0.000785404;0.000732627;-0.000785404;0.000732627;41799.3;1293.05;-266.313;
0.657747;-105.697;-0.000795268;0.000747212;-0.000795268;0.000747212;42083;1297.43;-129.439;
0.658747;-89.7175;-0.000793738;0.000756224;-0.000793738;0.000756224;42323.6;1301.13;8.85952;
0.659747;-66.6415;-0.000781366;0.000759029;-0.000781366;0.000759029;42490.9;1303.7;147.06;
0.660747;-38.9644;-0.000759024;0.000754858;-0.000759024;0.000754858;42563;1304.81;283.643;
0.661747;-9.61582;-0.000727822;0.000742896;-0.000727821;0.000742896;42528.3;1304.27;417.106;
0.662747;18.3505;-0.000688997;0.000722378;-0.000688997;0.000722378;42386.6;1302.1;545.981;
0.663747;42.0733;-0.000643813;0.000692694;-0.000643813;0.000692694;42149.5;1298.45;668.85;
0.664747;59.1762;-0.000593459;0.000653479;-0.000593459;0.000653479;41838.1;1293.65;784.361;
0.665747;68.0046;-0.000538966;0.000604686;-0.000538966;0.000604686;41481.1;1288.12;891.245;
0.666747;67.7849;-0.000481152;0.000546633;-0.000481152;0.000546633;41111;1282.36;988.325;
0.667747;58.6893;-0.000420594;0.00048002;-0.000420594;0.00048002;40760.8;1276.88;1074.53;
0.668747;41.8031;-0.000357631;0.000405904;-0.000357631;0.000405904;40460.6;1272.17;1148.92;
0.669747;18.9971;-0.000292401;0.000325657;-0.000292401;0.000325657;40234.5;1268.61;1210.67;
0.670747;-7.27747;-0.000224897;0.000240885;-0.000224897;0.000240885;40098.7;1266.47;1259.1;
0.671255;-17.1964;-0.000329825;453.565;-0.000329839;453.565;40705.2;1276.01;1278.44;
0.671596;-20.3758;-0.00036734;633.963;-0.000367336;633.963;41393.7;1286.76;1289.39;
0.671709;-20.7141;-0.000329631;515.315;-0.000329631;515.315;41612.4;1290.15;1292.65;
0.671773;-20.7367;-0.00030718;480.313;-0.00030718;480.313;41727.4;1291.94;1294.4;
0.671811;-20.6915;-0.000299285;468.175;-0.000299285;468.175;41795;1292.98;1295.43;
0.671847;-20.6073;-0.000293309;459.158;-0.000293309;459.158;41857.9;1293.95;1296.39;
0.671921;-20.322;-0.000281835;442.018;-0.000281835;442.018;41980.1;1295.84;1298.26;
0.672067;-19.3083;-0.000258621;407.758;-0.000258621;407.758;42210.2;1299.39;1301.77;
0.672359;-15.714;-0.000211794;340.156;-0.000211794;340.156;42612.1;1305.56;1307.86;
0.672875;-5.51417;-0.00012883;224.195;-0.00012883;224.195;43128.4;1313.44;1315.6;
0.673432;8.86839;-3.87856e-05;101.81;-3.87856e-05;101.81;43405.4;1317.66;1319.65;
0.673866;20.9317;2.99964e-05;11.6348;2.99964e-05;11.6348;43421.7;1317.9;1319.67;
0.674112;27.7475;5.71586e-05;0.00368563;5.71586e-05;0.00368563;43381.7;1317.3;1318.47;
0.674427;36.1169;8.54761e-05;-4.02118e-05;8.54767e-05;-4.02112e-05;43309.3;1316.2;1315.64;
0.674728;43.5632;0.000112031;-6.19018e-05;0.000112031;-6.19018e-05;43226.9;1314.94;1311.61;
0.675272;55.316;0.000159522;-0.000101728;0.000159523;-0.000101728;43056;1312.34;1301;
0.676272;70.1324;0.000243694;-0.000176273;0.000243694;-0.000176273;42692.6;1306.79;1270.47;
0.677272;75.2833;0.000322409;-0.000251709;0.00032241;-0.000251709;42296.4;1300.71;1225.97;
0.678272;70.5804;0.000394636;-0.00032712;0.000394636;-0.00032712;41903;1294.65;1167.98;
0.679272;56.7341;0.000459898;-0.000401554;0.000459899;-0.000401554;41547.1;1289.14;1097.14;
0.680272;35.3448;0.000517958;-0.000473716;0.000517958;-0.000473716;41258.7;1284.66;1014.24;
0.681272;8.75087;0.000568868;-0.000542119;0.000568868;-0.000542119;41060.2;1281.56;920.178;
0.682272;-20.2154;0.000612902;-0.000605177;0.000612902;-0.000605177;40964.5;1280.07;815.994;
0.683272;-48.5248;0.000650466;-0.000661306;0.000650466;-0.000661306;40974.1;1280.22;702.834;
0.684272;-73.2665;0.000681998;-0.000709038;0.000681998;-0.000709038;41080.9;1281.89;581.943;
0.685272;-91.9452;0.000707877;-0.00074712;0.000707877;-0.00074712;41267.1;1284.79;454.651;
0.686272;-102.732;0.000728349;-0.000774606;0.000728349;-0.000774606;41507.2;1288.52;322.357;
0.687272;-104.643;0.000743468;-0.000790911;0.000743468;-0.000790911;41770.5;1292.6;186.517;
0.688272;-97.6256;0.000753074;-0.000795851;0.000753074;-0.000795851;42024.1;1296.52;48.6262;
0.689272;-82.5483;0.0007568;-0.000789634;0.0007568;-0.000789634;42236.3;1299.79;-89.7999;
0.690272;-61.0979;0.000754101;-0.00077283;0.000754101;-0.00077283;42380;1302;-227.238;
0.691272;-35.5907;0.000744323;-0.000746308;0.000744323;-0.000746308;42435.6;1302.85;-362.177;
0.692272;-8.7234;0.000726781;-0.000711155;0.000726781;-0.000711155;42393.3;1302.2;-493.132;
0.693272;16.7113;0.000700847;-0.000668574;0.000700847;-0.000668575;42253.7;1300.06;-618.662;
0.694272;38.1142;0.000666049;-0.000619795;0.000666049;-0.000619796;42027.7;1296.58;-737.387;
0.695272;53.3447;0.000622146;-0.000565977;0.000622146;-0.000565977;41735.2;1292.06;-848.001;
0.696272;60.9341;0.000569197;-0.000508135;0.000569197;-0.000508135;41402.7;1286.9;-949.286;
0.697272;60.226;0.000507601;-0.00044709;0.0005076;-0.00044709;41060;1281.56;-1040.13;
0.698272;51.4309;0.000438103;-0.000383444;0.000438103;-0.000383444;40737.2;1276.51;-1119.53;
0.699272;35.59;0.000361783;-0.000317584;0.000361783;-0.000317585;40461.6;1272.19;-1186.62;
0.700272;14.4542;0.000279998;-0.000249716;0.000279998;-0.000249716;40254.9;1268.94;-1240.65;
0.700924;-1.29676;0.00129057;-0.000203985;0.00129058;-0.000203972;40163.8;1267.5;-1268.58;
0.701203;-6.28379;710.054;-0.00039774;710.054;-0.000397743;40704.6;1276;-1278.71;
0.701297;-7.55784;630.677;-0.000392476;630.677;-0.000392476;40913.4;1279.27;-1281.9;
0.701349;-8.14195;588.194;-0.000369692;588.194;-0.000369692;41024.8;1281.01;-1283.59;
0.701381;-8.45836;572.139;-0.000359574;572.139;-0.000359574;41092;1282.06;-1284.62;
0.701414;-8.73938;561.6;-0.000352904;561.6;-0.000352904;41158;1283.09;-1285.64;
0.701446;-8.98978;553.105;-0.000347489;553.105;-0.000347489;41224.4;1284.12;-1286.67;
0.701512;-9.3798;537.103;-0.000337206;537.103;-0.000337207;41354.4;1286.15;-1288.67;
0.701644;-9.73442;505.234;-0.000316461;505.234;-0.00031646;41603.2;1290.01;-1292.5;
0.701907;-8.88714;442.4;-0.000274561;442.4;-0.000274561;42054.8;1296.99;-1299.41;
0.702348;-3.6044;340.521;-0.000204081;340.521;-0.000204081;42670.2;1306.45;-1308.75;
0.70281;5.88454;236.655;-0.000129542;236.655;-0.000129542;43124;1313.38;-1315.55;
0.703357;20.0738;116.67;-4.12394e-05;116.67;-4.12394e-05;43400.5;1317.58;-1319.6;
0.703789;32.0629;24.9176;2.78649e-05;24.9176;2.7865e-05;43421;1317.89;-1319.72;
0.704059;39.4313;0.0213276;6.12056e-05;0.0213276;6.12056e-05;43369.9;1317.12;-1318.42;
0.704333;46.554;-3.41332e-05;8.62422e-05;-3.41334e-05;8.62421e-05;43296.4;1316;-1316.02;
0.704587;52.6974;-5.23902e-05;0.000108508;-5.23903e-05;0.000108508;43217.5;1314.8;-1312.82;
0.704975;61.0379;-8.08427e-05;0.000142397;-8.08429e-05;0.000142397;43084.6;1312.78;-1306.15;
0.70575;73.4631;-0.000138673;0.000208303;-0.000138674;0.000208303;42788.3;1308.26;-1286.34;
0.70675;80.3569;-0.000214744;0.000288791;-0.000214744;0.000288791;42373.9;1301.91;-1248.24;
0.70775;76.7522;-0.000291424;0.000363003;-0.000291425;0.000363002;41958.5;1295.51;-1196.42;
0.70875;63.3158;-0.00036766;0.000430329;-0.00036766;0.000430329;41578.5;1289.63;-1131.43;
0.70975;41.6385;-0.000442201;0.000490573;-0.000442201;0.000490573;41266.3;1284.78;-1053.99;
0.71075;14.1074;-0.00051352;0.000543778;-0.00051352;0.000543778;41046.4;1281.35;-964.964;
0.71175;-16.3352;-0.000579965;0.000590228;-0.000579965;0.000590227;40934;1279.59;-865.322;
0.71275;-46.4981;-0.000639867;0.000630347;-0.000639867;0.000630346;40932.9;1279.58;-756.16;
0.71375;-73.2726;-0.000691659;0.000664604;-0.000691659;0.000664604;41036.1;1281.19;-638.681;
0.71475;-93.9509;-0.000733981;0.000693412;-0.000733981;0.000693412;41226.1;1284.15;-514.177;
0.71575;-106.498;-0.000765778;0.000717044;-0.000765778;0.000717043;41477;1288.05;-384.016;
0.71675;-109.753;-0.000786369;0.000735571;-0.000786369;0.000735571;41756.8;1292.39;-249.631;
0.71775;-103.53;-0.000795482;0.000748834;-0.000795482;0.000748834;42030.9;1296.62;-112.501;
0.71875;-88.6267;-0.000793259;0.000756446;-0.000793259;0.000756446;42265.4;1300.24;25.8677;
0.71975;-66.7205;-0.000780225;0.000757822;-0.000780225;0.000757822;42430.9;1302.78;163.951;
0.72075;-40.1856;-0.000757226;0.000752245;-0.000757226;0.000752245;42505.5;1303.93;300.232;
0.72175;-11.834;-0.000725341;0.000738948;-0.000725341;0.000738948;42477.4;1303.49;433.209;
0.72275;15.3809;-0.000685789;0.000717213;-0.000685789;0.000717213;42345.6;1301.47;561.422;
0.72375;38.6714;-0.000639819;0.000686462;-0.000639819;0.000686462;42120.5;1298.01;683.458;
0.72475;55.7005;-0.000588617;0.000646353;-0.000588617;0.000646353;41822.1;1293.4;797.977;
0.72575;64.8153;-0.000533224;0.000596851;-0.000533224;0.000596851;41477.4;1288.06;903.718;
0.72675;65.2066;-0.000474479;0.000538271;-0.000474479;0.000538271;41117.9;1282.47;999.518;
0.72775;56.9785;-0.000412988;0.000471295;-0.000412988;0.000471295;40775.5;1277.11;1084.32;
0.72875;41.1223;-0.00034913;0.000396961;-0.000349129;0.000396961;40479.5;1272.47;1157.2;
0.72975;19.4002;-0.000283082;0.000316608;-0.000283082;0.000316608;40253.8;1268.92;1217.35;
0.73075;-5.84952;-0.000214882;0.000231811;-0.000214882;0.000231811;40114.5;1266.72;1264.11;
0.73116;-13.2271;-0.000359928;565.565;-0.000359945;565.565;40752.1;1276.75;1279.3;
0.731316;-15.0778;-0.000373072;611.712;-0.000373068;611.712;41078.6;1281.85;1284.46;
0.731426;-15.9478;-0.000349384;549.626;-0.000349384;549.626;41302.7;1285.34;1287.88;
0.73148;-16.2355;-0.00033456;526.38;-0.00033456;526.38;41408.9;1286.99;1289.51;
0.731533;-16.4233;-0.000324456;510.694;-0.000324456;510.694;41509;1288.55;1291.04;
0.731582;-16.5182;-0.000316518;498.524;-0.000316518;498.524;41600.4;1289.97;1292.45;
0.731681;-16.4811;-0.000301012;475.008;-0.000301012;475.008;41776.6;1292.7;1295.15;
0.731878;-15.5607;-0.000269699;428.341;-0.000269699;428.341;42103.3;1297.74;1300.14;
0.732272;-10.8348;-0.000206629;337.175;-0.000206629;337.175;42651.5;1306.16;1308.46;
0.732797;-0.0800967;-0.000121991;219.22;-0.000121991;219.22;43159.4;1313.92;1316.07;
0.733326;13.751;-3.66559e-05;103.443;-3.66559e-05;103.443;43407.9;1317.69;1319.69;
0.733748;25.5332;3.04438e-05;15.1981;3.04438e-05;15.1981;43420;1317.88;1319.66;
0.733994;32.352;5.87391e-05;0.00878795;5.87391e-05;0.00878795;43376.4;1317.21;1318.45;
0.73428;39.9185;8.45795e-05;-3.6822e-05;8.45798e-05;-3.68216e-05;43306.2;1316.15;1315.94;
0.734556;46.7316;0.000108885;-5.66787e-05;0.000108885;-5.66782e-05;43226.9;1314.94;1312.4;
0.735046;57.3802;0.000151741;-9.25893e-05;0.000151741;-9.25895e-05;43068;1312.52;1303.39;
0.736026;72.1286;0.000234466;-0.000165732;0.000234466;-0.000165733;42703.9;1306.96;1275.09;
0.737026;77.3637;0.000313555;-0.000241489;0.000313555;-0.000241489;42299.7;1300.76;1232.32;
0.738026;72.5141;0.000386181;-0.000317398;0.000386182;-0.000317398;41898.8;1294.59;1176;
0.739026;58.3186;0.000451872;-0.000392491;0.000451872;-0.000392491;41536.4;1288.98;1106.74;
0.740026;36.4205;0.0005104;-0.000465457;0.000510401;-0.000465457;41243.2;1284.42;1025.31;
0.741026;9.21436;0.000561833;-0.000534785;0.000561833;-0.000534785;41042;1281.28;932.594;
0.742026;-20.4021;0.000606457;-0.000598859;0.000606457;-0.000598859;40946;1279.78;829.623;
0.743026;-49.332;0.000644691;-0.000656064;0.000644691;-0.000656064;40957.5;1279.96;717.527;
0.744026;-74.6008;0.000676984;-0.000704902;0.000676984;-0.000704902;41068.2;1281.69;597.537;
0.745026;-93.6604;0.000703723;-0.000744093;0.000703723;-0.000744093;41260;1284.68;470.975;
0.746026;-104.645;0.000725154;-0.000772666;0.000725154;-0.000772666;41506.8;1288.52;339.231;
0.747026;-106.554;0.000741326;-0.000790021;0.000741326;-0.000790021;41777.2;1292.71;203.756;
0.748026;-99.3363;0.000752068;-0.000795963;0.000752068;-0.000795963;42037.5;1296.73;66.0403;
0.749026;-83.8863;0.000756989;-0.000790696;0.000756989;-0.000790696;42255.4;1300.08;-72.4023;
0.750026;-61.9314;0.000755523;-0.000774792;0.000755523;-0.000774792;42403.1;1302.35;-210.049;
0.751026;-35.842;0.000746984;-0.000749127;0.000746984;-0.000749128;42460.7;1303.24;-345.384;
0.752026;-8.37621;0.000730655;-0.000714795;0.000730655;-0.000714795;42418.1;1302.58;-476.921;
0.753026;17.6112;0.000705879;-0.00067301;0.000705879;-0.000673011;42276;1300.4;-603.211;
0.754026;39.4648;0.000672153;-0.000625008;0.000672153;-0.000625009;42045.7;1296.85;-722.866;
0.755026;54.9992;0.000629211;-0.000571953;0.00062921;-0.000571953;41747.6;1292.25;-834.569;
0.756026;62.7167;0.000577093;-0.00051486;0.000577093;-0.00051486;41408.7;1286.99;-937.092;
0.757026;61.9507;0.000516186;-0.000454545;0.000516186;-0.000454545;41059.5;1281.55;-1029.31;
0.758026;52.9206;0.000447233;-0.000391599;0.000447233;-0.000391599;40730.8;1276.41;-1110.2;
0.759026;36.6948;0.000371312;-0.000326392;0.000371312;-0.000326392;40450.5;1272.01;-1178.88;
0.760026;15.0663;0.000289791;-0.000259111;0.000289791;-0.000259111;40240.8;1268.71;-1234.59;
0.760792;-3.86518;0.000824596;-0.000205923;0.000824607;-0.000205913;40137;1267.07;-1268.11;
0.761099;-9.27829;707.338;-0.000398541;707.338;-0.000398543;40738.9;1276.54;-1279.25;
0.761205;-10.6393;619.539;-0.000387327;619.539;-0.000387327;40971.5;1280.18;-1282.79;
0.761264;-11.2451;575.405;-0.000363353;575.405;-0.000363353;41095.6;1282.12;-1284.68;
0.761302;-11.577;558.471;-0.000352659;558.471;-0.000352659;41173.8;1283.34;-1285.88;
0.76134;-11.8591;547.181;-0.000345475;547.181;-0.000345476;41250.2;1284.53;-1287.06;
0.76138;-12.107;537.111;-0.000339013;537.111;-0.000339013;41330.6;1285.78;-1288.3;
0.761462;-12.4371;517.487;-0.000326305;517.487;-0.000326305;41487.2;1288.21;-1290.71;
0.761625;-12.468;478.27;-0.000300515;478.27;-0.000300514;41782.9;1292.79;-1295.25;
0.761951;-10.2912;401.414;-0.000248523;401.414;-0.000248523;42303.4;1300.82;-1303.19;
0.762437;-2.61581;290.431;-0.000170491;290.431;-0.000170491;42900;1309.96;-1312.2;
0.762916;8.60712;183.976;-9.30973e-05;183.976;-9.30974e-05;43272.7;1315.64;-1317.75;
0.763493;24.2568;58.6673;-1.07327e-07;58.6673;-1.07091e-07;43433.5;1318.08;-1320;
0.763827;33.5207;0.795274;4.92936e-05;0.795274;4.92936e-05;43396.3;1317.52;-1319.09;
0.764055;39.6675;2.01674e-05;7.12602e-05;2.01674e-05;7.12602e-05;43343.4;1316.71;-1317.54;
0.764321;46.4623;-4.25868e-05;9.46277e-05;-4.2587e-05;9.46275e-05;43268.7;1315.58;-1314.78;
0.764602;53.0948;-6.31032e-05;0.000119472;-6.31035e-05;0.000119472;43180.1;1314.23;-1310.75;
0.765165;64.3305;-0.000104623;0.000168312;-0.000104623;0.000168311;42982.7;1311.22;-1299.25;
0.766165;76.7021;-0.000179847;0.000251552;-0.000179847;0.000251551;42589.8;1305.22;-1267.69;
0.767165;78.7707;-0.000256095;0.000329052;-0.000256095;0.000329051;42175.4;1298.85;-1222.18;
0.768165;70.675;-0.000332355;0.000399901;-0.000332355;0.000399901;41776.3;1292.69;-1163.23;
0.769165;53.481;-0.000407566;0.000463746;-0.000407566;0.000463746;41427.2;1287.28;-1091.48;
0.770165;29.1342;-0.00048032;0.000520463;-0.00048032;0.000520463;41157;1283.07;-1007.73;
0.771165;0.271985;-0.000549038;0.000570207;-0.000549039;0.000570207;40986;1280.41;-912.891;
0.772165;-30.0506;-0.000612066;0.00061333;-0.000612066;0.00061333;40924.3;1279.44;-808.011;
0.773165;-58.6794;-0.000667784;0.000650283;-0.000667784;0.000650283;40970.6;1280.17;-694.242;
0.774165;-82.6875;-0.000714725;0.000681515;-0.000714725;0.000681514;41113.3;1282.39;-572.837;
0.775165;-99.6726;-0.000751674;0.000707379;-0.000751674;0.000707379;41331;1285.78;-445.131;
0.776165;-107.997;-0.000777752;0.000728065;-0.000777752;0.000728065;41595;1289.88;-312.529;
0.777165;-106.942;-0.000792471;0.000743546;-0.000792471;0.000743546;41872.3;1294.18;-176.488;
0.778165;-96.7696;-0.000795755;0.000753566;-0.000795755;0.000753566;42128.4;1298.13;-38.5061;
0.779165;-78.6777;-0.000787927;0.000757656;-0.000787927;0.000757656;42331.7;1301.26;99.8994;
0.780165;-54.6615;-0.000769665;0.000755177;-0.000769665;0.000755177;42455.9;1303.16;237.206;
0.781165;-27.2943;-0.00074193;0.000745399;-0.00074193;0.000745399;42483.9;1303.59;371.903;
0.782165;0.546771;-0.000705872;0.000727582;-0.000705872;0.000727582;42408.6;1302.44;502.51;
0.783165;25.983;-0.000662731;0.000701081;-0.000662731;0.000701081;42234.3;1299.76;627.588;
0.784165;46.4311;-0.000613736;0.000665432;-0.000613736;0.000665432;41975.8;1295.77;745.764;
0.785165;59.8646;-0.000560014;0.000620439;-0.000560014;0.000620439;41656.3;1290.83;855.735;
0.786165;65.0141;-0.00050252;0.000566233;-0.00050252;0.000566233;41304.8;1285.38;956.294;
0.787165;61.4854;-0.000441994;0.000503302;-0.000441993;0.000503302;40953.1;1279.89;1046.33;
0.788165;49.7862;-0.000378944;0.000432497;-0.000378944;0.000432497;40631.8;1274.86;1124.86;
0.789165;31.2586;-0.000313664;0.000354997;-0.000313664;0.000354997;40367.8;1270.71;1191.02;
0.790165;7.9272;-0.000246271;0.000272253;-0.000246271;0.000272253;40181.4;1267.78;1244.07;
0.790778;-7.26953;-0.0002193;50.9881;-0.000219312;50.9881;40194;1267.97;1269.87;
0.791017;-11.6748;-0.000404484;728.987;-0.000404482;728.987;40689;1275.76;1278.49;
0.791106;-12.9535;-0.000396856;626.605;-0.000396856;626.605;40888.4;1278.88;1281.5;
0.791146;-13.4518;-0.000373894;589.311;-0.000373894;589.311;40976;1280.25;1282.83;
0.791168;-13.7035;-0.000365757;576.359;-0.000365757;576.359;41023.3;1280.99;1283.55;
0.79119;-13.9273;-0.000360528;568.045;-0.000360528;568.045;41067.7;1281.68;1284.24;
0.791232;-14.3265;-0.000352848;555.905;-0.000352848;555.905;41155.1;1283.05;1285.59;
0.791317;-14.9358;-0.000339464;534.968;-0.000339464;534.968;41325.1;1285.69;1288.21;
0.791469;-15.4255;-0.000315704;498.394;-0.000315704;498.394;41612;1290.15;1292.63;
0.791772;-14.344;-0.000267513;426.234;-0.000267513;426.234;42125.1;1298.08;1300.48;
0.79226;-7.89349;-0.000189246;313.678;-0.000189246;313.678;42777.3;1308.09;1310.36;
0.79282;4.49227;-9.9001e-05;188.834;-9.9001e-05;188.834;43252.3;1315.33;1317.45;
0.793379;19.5572;-8.73712e-06;67.0087;-8.73712e-06;67.0087;43432.1;1318.06;1319.99;
0.793708;28.7626;4.17668e-05;4.03697;4.17668e-05;4.03697;43407;1317.68;1319.37;
0.793938;35.0839;6.51276e-05;0.000718417;6.51276e-05;0.000718417;43358.9;1316.95;1318;
0.79421;42.1948;8.91954e-05;-3.99491e-05;8.91955e-05;-3.9949e-05;43287.6;1315.87;1315.39;
0.794498;49.1684;0.000114601;-6.08024e-05;0.000114601;-6.08023e-05;43201.9;1314.56;1311.46;
0.795073;61.1027;0.000164652;-0.000103074;0.000164652;-0.000103074;43008.3;1311.61;1300.04;
0.796073;74.4758;0.000248279;-0.000178026;0.000248279;-0.000178026;42625.8;1305.77;1268.94;
0.797073;77.7626;0.000326265;-0.000253959;0.000326266;-0.000253959;42217.2;1299.5;1223.88;
0.798073;70.9712;0.000397661;-0.00032991;0.000397661;-0.00032991;41819.1;1293.35;1165.36;
0.799073;55.0304;0.00046206;-0.000404854;0.00046206;-0.000404854;41466.3;1287.89;1094.02;
0.800073;31.7568;0.000519296;-0.000477426;0.000519296;-0.000477426;41188.1;1283.56;1010.64;
0.801073;3.67982;0.000569487;-0.000546078;0.000569487;-0.000546078;41005.9;1280.72;916.152;
0.802073;-26.2218;0.000612957;-0.00060918;0.000612957;-0.00060918;40930.8;1279.54;811.582;
0.803073;-54.8316;0.000650143;-0.000665122;0.000650143;-0.000665122;40963.1;1280.05;698.085;
0.804073;-79.2177;0.000681492;-0.000712433;0.000681493;-0.000712433;41092.3;1282.07;576.909;
0.805073;-96.9326;0.000707373;-0.000749879;0.000707373;-0.000749879;41298.6;1285.28;449.386;
0.806073;-106.257;0.000727996;-0.000776553;0.000727996;-0.000776553;41554.4;1289.25;316.921;
0.807073;-106.366;0.000743369;-0.000791928;0.000743369;-0.000791928;41827.4;1293.48;180.969;
0.808073;-97.3969;0.000753272;-0.000795884;0.000753272;-0.000795884;42083.7;1297.44;43.0266;
0.809073;-80.4242;0.000757273;-0.0007887;0.000757273;-0.0007887;42291.3;1300.64;-95.389;
0.810073;-57.3284;0.00075477;-0.000771016;0.00075477;-0.000771016;42423.9;1302.67;-232.755;
0.811073;-30.5915;0.000745058;-0.000743757;0.000745058;-0.000743757;42463.1;1303.27;-367.562;
0.812073;-3.03007;0.000727414;-0.000708052;0.000727414;-0.000708052;42400.7;1302.32;-498.324;
0.813073;22.5002;0.000701197;-0.000665131;0.000701197;-0.000665131;42239.6;1299.84;-623.606;
0.814073;43.4001;0.000665936;-0.000616224;0.000665936;-0.000616224;41993.1;1296.04;-742.027;
0.815073;57.5907;0.000621414;-0.000562473;0.000621414;-0.000562473;41683.3;1291.25;-852.287;
0.816073;63.7196;0.000567733;-0.00050486;0.000567732;-0.00050486;41338.2;1285.9;-953.171;
0.817073;61.2878;0.000505344;-0.000444155;0.000505344;-0.000444155;40988.9;1280.45;-1043.57;
0.818073;50.6879;0.000435057;-0.000380904;0.000435057;-0.000380904;40666;1275.4;-1122.49;
0.819073;33.1487;0.000358014;-0.000315434;0.000358014;-0.000315434;40396.7;1271.17;-1189.06;
0.820073;10.5945;0.000275632;-0.000247894;0.000275631;-0.000247895;40201.9;1268.1;-1242.56;
0.8207;-5.00051;19.6036;-0.000210117;19.6036;-0.000210105;40156;1267.37;-1269.18;
0.820941;-9.51959;733.871;-0.000405716;733.871;-0.000405718;40653.8;1275.21;-1277.94;
0.821031;-10.8383;633.271;-0.000399505;633.271;-0.000399505;40855.9;1278.37;-1281;
0.821072;-11.3541;595.273;-0.000376432;595.273;-0.000376432;40944.8;1279.76;-1282.35;
0.821094;-11.6169;581.956;-0.000368067;581.956;-0.000368067;40993.2;1280.52;-1283.09;
0.821116;-11.8514;573.427;-0.000362705;573.427;-0.000362705;41038.8;1281.23;-1283.79;
0.821156;-12.2427;561.863;-0.000355398;561.863;-0.000355398;41122.3;1282.53;-1285.08;
0.821237;-12.8543;541.94;-0.000342684;541.94;-0.000342684;41284.9;1285.07;-1287.59;
0.821388;-13.4125;505.573;-0.000319104;505.573;-0.000319104;41572.5;1289.53;-1292.02;
0.821689;-12.4804;433.826;-0.000271283;433.826;-0.000271283;42087.9;1297.5;-1299.91;
0.822147;-6.71932;327.826;-0.000197778;327.826;-0.000197779;42716.8;1307.16;-1309.45;
0.822691;4.94197;206.308;-0.000110202;206.308;-0.000110202;43209.2;1314.67;-1316.81;
0.823242;19.6403;85.9825;-2.12558e-05;85.9825;-2.12556e-05;43424.4;1317.94;-1319.91;
0.823569;28.8561;18.289;3.05818e-05;18.289;3.05819e-05;43418.9;1317.86;-1319.66;
0.823862;36.9344;0.00147328;6.41371e-05;0.00147328;6.41371e-05;43363.4;1317.02;-1318.12;
0.824133;44.0244;-3.80714e-05;8.8519e-05;-3.80715e-05;8.85189e-05;43292.2;1315.94;-1315.58;
0.824435;51.3153;-5.9835e-05;0.000115042;-5.98353e-05;0.000115042;43200.7;1314.54;-1311.51;
0.824943;61.9335;-9.72519e-05;0.00015938;-9.72521e-05;0.000159379;43026.8;1311.9;-1301.67;
0.825943;75.61;-0.000172222;0.000243223;-0.000172222;0.000243223;42640.3;1305.99;-1271.55;
0.826943;79.0595;-0.000248303;0.000321463;-0.000248304;0.000321463;42227.2;1299.65;-1227.44;
0.827943;72.2879;-0.000324496;0.000393112;-0.000324496;0.000393112;41824.1;1293.43;-1169.83;
0.828943;56.2285;-0.000399782;0.000457774;-0.000399782;0.000457774;41466.6;1287.89;-1099.36;
0.829943;32.7137;-0.000472787;0.000515284;-0.000472787;0.000515284;41184.5;1283.5;-1016.79;
0.830943;4.30033;-0.000541951;0.000565765;-0.000541951;0.000565765;40999.5;1280.62;-923.033;
0.831943;-25.9964;-0.000605627;0.00060955;-0.000605627;0.00060955;40922.9;1279.42;-819.125;
0.832943;-55.0181;-0.000662187;0.000647084;-0.000662187;0.000647084;40955.1;1279.92;-706.207;
0.833943;-79.7903;-0.00071014;0.000678823;-0.00071014;0.000678823;41085.8;1281.96;-585.52;
0.834943;-97.8261;-0.000748235;0.000705142;-0.000748235;0.000705142;41294.8;1285.22;-458.393;
0.835943;-107.374;-0.000775546;0.000726257;-0.000775546;0.000726257;41554.3;1289.25;-326.223;
0.836943;-107.587;-0.000791534;0.000742175;-0.000791534;0.000742175;41831.6;1293.55;-190.465;
0.837943;-98.596;-0.00079607;0.000752674;-0.00079607;0.000752674;42092.4;1297.57;-52.6114;
0.838943;-81.4772;-0.000789429;0.000757315;-0.000789429;0.000757315;42304.3;1300.84;85.8206;
0.839943;-58.1294;-0.000772248;0.000755481;-0.000772248;0.000755481;42440.3;1302.92;223.309;
0.840943;-31.062;-0.000745456;0.000746453;-0.000745456;0.000746453;42481.8;1303.56;358.34;
0.841943;-3.12716;-0.000710187;0.00072949;-0.000710187;0.00072949;42420.4;1302.62;489.43;
0.842943;22.7802;-0.000667677;0.000703932;-0.000667677;0.000703932;42258.9;1300.14;615.136;
0.843943;44.0221;-0.000619165;0.000669289;-0.000619165;0.000669289;42010.6;1296.31;734.076;
0.844943;58.4848;-0.000565797;0.000625328;-0.000565797;0.000625328;41697.9;1291.48;844.94;
0.845943;64.7888;-0.000508559;0.000572136;-0.000508559;0.000572136;41349.1;1286.06;946.511;
0.846943;62.4188;-0.000448222;0.000510154;-0.000448222;0.000510154;40995.7;1280.56;1037.67;
0.847943;51.763;-0.000385328;0.000440187;-0.000385328;0.000440187;40668.7;1275.44;1117.41;
0.848943;34.0577;-0.000320199;0.000363375;-0.000320198;0.000363375;40395.8;1271.15;1184.87;
0.849943;11.2462;-0.000252975;0.000281138;-0.000252974;0.000281138;40198.2;1268.04;1239.29;
0.850618;-5.98145;-0.00020636;1.00712;-0.000206371;1.00712;40115.7;1266.74;1268.33;
0.850899;-11.2147;-0.000409261;740.853;-0.000409259;740.853;40692.6;1275.81;1278.56;
0.851;-12.6156;-0.000394854;625.685;-0.000394854;625.685;40917.1;1279.33;1281.95;
0.851052;-13.2208;-0.000368588;581.397;-0.000368588;581.397;41029.6;1281.09;1283.66;
0.85108;-13.5085;-0.000359806;567.44;-0.000359806;567.44;41088.5;1282.01;1284.56;
0.851107;-13.7596;-0.000354104;558.415;-0.000354104;558.415;41144.4;1282.88;1285.42;
0.851152;-14.1149;-0.000346687;546.759;-0.000346687;546.759;41234.3;1284.28;1286.81;
0.851241;-14.6226;-0.000332762;525.108;-0.000332762;525.108;41408.9;1286.99;1289.5;
0.851419;-14.8704;-0.000304655;482.161;-0.000304655;482.161;41737.3;1292.09;1294.55;
0.851775;-12.6572;-0.000247874;398.063;-0.000247874;398.063;42309.6;1300.92;1303.28;
0.852269;-4.84572;-0.000168636;285.383;-0.000168636;285.383;42911.8;1310.14;1312.38;
0.852802;7.76253;-8.26387e-05;167.239;-8.26387e-05;167.239;43306.6;1316.16;1318.24;
0.853375;23.414;9.71758e-06;43.1246;9.71759e-06;43.1246;43432.8;1318.07;1319.95;
0.853714;32.819;5.51028e-05;0.0179362;5.51028e-05;0.0179362;43390;1317.42;1318.71;
0.854009;40.6848;8.24175e-05;-3.41531e-05;8.24176e-05;-3.4153e-05;43320.8;1316.37;1316.28;
0.854277;47.3731;0.000105863;-5.32312e-05;0.000105863;-5.32311e-05;43244.3;1315.21;1312.98;
0.854645;55.6968;0.000138176;-8.01146e-05;0.000138176;-8.01144e-05;43126;1313.41;1306.76;
0.85538;68.7443;0.000201203;-0.00013465;0.000201203;-0.00013465;42858.8;1309.33;1288.48;
0.85638;77.8944;0.000282592;-0.000210139;0.000282592;-0.000210139;42457.3;1303.19;1251.36;
0.85738;76.7477;0.00035784;-0.000286243;0.000357841;-0.000286243;42045.9;1296.86;1200.48;
0.85838;65.7246;0.000426236;-0.000361967;0.000426237;-0.000361967;41660.7;1290.9;1136.39;
0.85938;46.171;0.000487507;-0.000436145;0.000487507;-0.000436145;41335;1285.85;1059.8;
0.86038;20.2608;0.000541624;-0.000507317;0.000541624;-0.000507317;41095.1;1282.11;971.557;
0.86138;-9.22238;0.000588812;-0.000573878;0.000588813;-0.000573878;40958.2;1279.97;872.624;
0.86238;-39.1755;0.000629466;-0.000634185;0.000629467;-0.000634185;40930.6;1279.54;764.091;
0.86338;-66.4991;0.000664046;-0.000686666;0.000664046;-0.000686666;41007.9;1280.75;647.153;
0.86438;-88.4162;0.000692981;-0.000729933;0.000692981;-0.000729933;41175.4;1283.36;523.097;
0.86538;-102.753;0.000716585;-0.00076288;0.000716585;-0.00076288;41409.2;1287;393.286;
0.86638;-108.154;0.000734986;-0.000784755;0.000734986;-0.000784755;41679.1;1291.19;259.15;
0.86738;-104.208;0.000748094;-0.000795206;0.000748094;-0.000795206;41951.5;1295.4;122.162;
0.86838;-91.4731;0.000755592;-0.000794291;0.000755592;-0.000794291;42192.7;1299.12;-16.1686;
0.86938;-71.4067;0.000756962;-0.000782454;0.000756962;-0.000782455;42372.3;1301.88;-154.322;
0.87038;-46.1979;0.000751542;-0.000760476;0.000751542;-0.000760476;42467.1;1303.34;-290.777;
0.87138;-18.5304;0.000738598;-0.000729387;0.000738598;-0.000729387;42462.8;1303.27;-424.035;
0.87238;8.70239;0.000717426;-0.00069038;0.000717426;-0.00069038;42356;1301.63;-552.627;
0.87338;32.6994;0.000687437;-0.000644703;0.000687437;-0.000644703;42154.4;1298.53;-675.141;
0.87438;51.0395;0.000648257;-0.000593564;0.000648256;-0.000593564;41875.4;1294.22;-790.228;
0.87538;61.9247;0.000599794;-0.000538046;0.000599794;-0.000538047;41544.3;1289.1;-896.623;
0.87638;64.3555;0.000542299;-0.000479046;0.000542299;-0.000479047;41191.1;1283.61;-993.155;
0.87738;58.2211;0.000476378;-0.000417237;0.000476378;-0.000417237;40847.4;1278.24;-1078.76;
0.87838;44.2962;0.000402992;-0.000353062;0.000402992;-0.000353063;40542.8;1273.46;-1152.5;
0.87938;24.1462;0.000323414;-0.000286763;0.000323414;-0.000286763;40302.3;1269.68;-1213.57;
0.88038;-0.0468227;0.000239165;-0.000218423;0.000239165;-0.000218423;40143.6;1267.18;-1261.28;
0.880865;-8.55513;492.596;-0.00033662;492.596;-0.000336605;40766.2;1276.97;-1279.44;
0.881155;-11.0597;628.705;-0.000364939;628.705;-0.000364944;41351.9;1286.11;-1288.73;
0.88126;-11.3973;529.654;-0.000333014;529.654;-0.000333014;41556;1289.28;-1291.79;
0.881318;-11.4441;498.544;-0.000313064;498.544;-0.000313064;41662.7;1290.93;-1293.41;
0.881354;-11.4214;486.676;-0.000305355;486.676;-0.000305355;41728.7;1291.96;-1294.42;
0.88139;-11.3614;477.82;-0.000299505;477.82;-0.000299505;41790.6;1292.91;-1295.37;
0.88146;-11.132;461.19;-0.000288407;461.19;-0.000288407;41910.9;1294.77;-1297.21;
0.881601;-10.2582;428.101;-0.000266056;428.101;-0.000266055;42138.2;1298.28;-1300.68;
0.881883;-7.03351;362.768;-0.000220962;362.768;-0.000220962;42539;1304.44;-1306.76;
0.882376;2.26609;251.523;-0.000141696;251.523;-0.000141696;43063.9;1312.46;-1314.66;
0.882868;14.5854;143.105;-6.2262e-05;143.105;-6.22621e-05;43360.5;1316.97;-1319.03;
0.883465;30.7733;15.4611;3.34213e-05;15.4611;3.34214e-05;43416.3;1317.82;-1319.61;
0.88374;38.1585;0.00132977;6.43219e-05;0.00132977;6.43219e-05;43364.8;1317.04;-1318.13;
0.884079;46.7425;-4.24846e-05;9.47107e-05;-4.24845e-05;9.47107e-05;43275.1;1315.68;-1314.81;
0.884399;54.1287;-6.56809e-05;0.000122727;-6.56811e-05;0.000122726;43175;1314.15;-1310.15;
0.884978;65.289;-0.000108476;0.000172791;-0.000108476;0.000172791;42970.8;1311.04;-1297.96;
0.885978;76.8923;-0.000183855;0.000255681;-0.000183855;0.000255681;42576.5;1305.01;-1265.66;
0.886978;78.2114;-0.0002602;0.000332787;-0.0002602;0.000332787;42163.2;1298.66;-1219.44;
0.887978;69.4451;-0.00033649;0.000403227;-0.00033649;0.000403227;41767.6;1292.56;-1159.8;
0.888978;51.7212;-0.000411643;0.000466668;-0.000411643;0.000466667;41424.1;1287.23;-1087.41;
0.889978;27.0356;-0.000484237;0.000523004;-0.000484237;0.000523004;41161.1;1283.14;-1003.05;
0.890978;-1.94346;-0.000552687;0.000572406;-0.000552687;0.000572406;40998;1280.59;-907.663;
0.891978;-32.1525;-0.000615339;0.00061523;-0.000615339;0.00061523;40944.2;1279.75;-802.29;
0.892978;-60.4531;-0.000670583;0.000651926;-0.000670583;0.000651925;40997.6;1280.59;-688.092;
0.893978;-83.9557;-0.000716967;0.000682933;-0.000716967;0.000682933;41145.8;1282.9;-566.325;
0.894978;-100.313;-0.000753299;0.000708593;-0.000753299;0.000708593;41367;1286.34;-438.328;
0.895978;-107.954;-0.000778727;0.000729077;-0.000778727;0.000729077;41632.2;1290.46;-305.51;
0.896978;-106.232;-0.00079279;0.00074434;-0.00079279;0.00074434;41908.1;1294.73;-169.331;
0.897978;-95.4766;-0.00079544;0.000754108;-0.00079544;0.000754108;42160.5;1298.62;-31.289;
0.898978;-76.9453;-0.000787024;0.000757896;-0.000787024;0.000757896;42358.1;1301.66;107.097;
0.899978;-52.6757;-0.00076824;0.000755059;-0.00076824;0.000755059;42475.4;1303.46;244.304;
0.900978;-25.2645;-0.000740059;0.000744862;-0.000740059;0.000744862;42495.8;1303.78;378.825;
0.901978;2.41019;-0.000703637;0.000726571;-0.000703637;0.000726571;42413.2;1302.51;509.178;
0.902978;27.4902;-0.000660213;0.00069955;-0.000660213;0.00069955;42232.7;1299.73;633.93;
0.903978;47.4322;-0.000611005;0.000663356;-0.000611005;0.000663356;41969.6;1295.68;751.709;
0.904978;60.2643;-0.000557128;0.000617813;-0.000557128;0.000617813;41647.5;1290.7;861.219;
0.905978;64.7807;-0.000499519;0.000563077;-0.000499519;0.000563077;41295.9;1285.24;961.256;
0.906978;60.6531;-0.000438901;0.000499662;-0.000438901;0.000499662;40946.2;1279.78;1050.72;
0.907978;48.4504;-0.000375765;0.000428441;-0.000375765;0.000428441;40628.9;1274.82;1128.62;
0.908978;29.5651;-0.00031039;0.000350613;-0.00031039;0.000350613;40370.5;1270.76;1194.11;
0.909978;6.05622;-0.000242885;0.000267643;-0.000242885;0.000267643;40190.6;1267.92;1246.47;
0.91057;-8.23058;-0.000228425;86.8137;-0.000228437;86.8137;40263.7;1269.07;1271.04;
0.910805;-12.3943;-0.00040068;719.949;-0.000400678;719.949;40750.4;1276.72;1279.44;
0.910893;-13.5855;-0.000392171;618.568;-0.000392171;618.568;40944.5;1279.76;1282.37;
0.910932;-14.0488;-0.000369635;582.235;-0.000369635;582.235;41029.9;1281.09;1283.66;
0.910954;-14.2815;-0.000361707;569.627;-0.000361707;569.627;41076;1281.81;1284.37;
0.910975;-14.4874;-0.000356587;561.5;-0.000356587;561.5;41119.2;1282.49;1285.04;
0.911017;-14.8529;-0.000349028;549.577;-0.000349028;549.577;41204.3;1283.81;1286.35;
0.911101;-15.4032;-0.000335855;529.016;-0.000335855;529.016;41369.6;1286.38;1288.9;
0.911252;-15.8146;-0.00031214;492.589;-0.00031214;492.589;41652.8;1290.78;1293.25;
0.911554;-14.6098;-0.000264052;420.707;-0.000264052;420.707;42158.7;1298.59;1300.99;
0.912048;-7.938;-0.000184968;307.129;-0.000184968;307.129;42806.5;1308.53;1310.8;
0.912608;4.56178;-9.45264e-05;182.104;-9.45264e-05;182.104;43268.2;1315.57;1317.68;
0.913169;19.6184;-4.11873e-06;60.1217;-4.11873e-06;60.1217;43433.5;1318.08;1320;
0.913498;28.7667;4.51252e-05;1.33323;4.51252e-05;1.33323;43403.5;1317.63;1319.24;
0.913722;34.8673;6.69869e-05;0.000111413;6.69869e-05;0.000111413;43355.7;1316.9;1317.82;
0.91399;41.81;9.05699e-05;-4.15768e-05;9.05702e-05;-4.15766e-05;43285.4;1315.83;1315.16;
0.914267;48.4893;0.000115084;-6.1731e-05;0.000115085;-6.17307e-05;43203.1;1314.58;1311.32;
0.914821;59.9949;0.000163349;-0.000102496;0.00016335;-0.000102496;43018.1;1311.76;1300.32;
0.915821;73.5288;0.000247051;-0.000177416;0.000247051;-0.000177415;42639.2;1305.97;1269.39;
0.916821;77.0635;0.000325155;-0.000253304;0.000325156;-0.000253304;42233.6;1299.75;1224.49;
0.917821;70.5852;0.000396696;-0.000329194;0.000396696;-0.000329194;41837.4;1293.64;1166.12;
0.918821;54.9911;0.00046126;-0.000404075;0.000461261;-0.000404075;41485.2;1288.18;1094.93;
0.919821;32.0621;0.000518669;-0.000476594;0.000518669;-0.000476594;41206.4;1283.84;1011.69;
0.920821;4.29221;0.000569028;-0.000545214;0.000569028;-0.000545214;41022.5;1280.98;917.319;
0.921821;-25.3707;0.000612652;-0.000608313;0.000612652;-0.000608313;40944.6;1279.76;812.86;
0.922821;-53.8335;0.000649967;-0.000664289;0.000649968;-0.000664289;40973.4;1280.21;699.46;
0.923821;-78.1783;0.000681417;-0.000711674;0.000681417;-0.000711674;41098.9;1282.17;578.367;
0.924821;-95.9599;0.000707367;-0.000749235;0.000707368;-0.000749235;41301.5;1285.33;450.91;
0.925821;-105.45;0.000728031;-0.000776059;0.000728031;-0.000776059;41554;1289.25;318.494;
0.926821;-105.806;0.000743421;-0.000791613;0.000743421;-0.000791613;41824.5;1293.44;182.575;
0.927821;-97.1377;0.000753325;-0.000795767;0.000753325;-0.000795767;42079.3;1297.37;44.647;
0.928821;-80.4875;0.00075732;-0.00078879;0.00075732;-0.00078879;42286.6;1300.56;-93.7719;
0.929821;-57.7026;0.000754814;-0.000771306;0.000754814;-0.000771306;42420.1;1302.61;-231.159;
0.930821;-31.233;0.000745111;-0.000744232;0.000745111;-0.000744232;42461.1;1303.24;-366.004;
0.931821;-3.86851;0.000727498;-0.000708685;0.000727498;-0.000708686;42401.5;1302.33;-496.823;
0.932821;21.5544;0.000701336;-0.000665889;0.000701336;-0.000665889;42243.8;1299.9;-622.176;
0.933821;42.4461;0.000666158;-0.00061707;0.000666158;-0.00061707;42000.8;1296.16;-740.686;
0.934821;56.727;0.000621746;-0.000563369;0.000621746;-0.000563369;41694.3;1291.42;-851.048;
0.935821;63.0335;0.000568196;-0.00050577;0.000568196;-0.00050577;41352;1286.11;-952.049;
0.936821;60.8471;0.000505953;-0.00044505;0.000505953;-0.00044505;41004.7;1280.7;-1042.58;
0.937821;50.534;0.000435818;-0.000381761;0.000435818;-0.000381761;40682.8;1275.66;-1121.64;
0.938821;33.2924;0.00035892;-0.000316241;0.00035892;-0.000316242;40413.4;1271.43;-1188.36;
0.939821;11.0161;0.000276668;-0.00024865;0.000276667;-0.00024865;40217.4;1268.34;-1242.01;
0.940457;-4.76865;8.83069;-0.000206917;8.83069;-0.000206904;40151.7;1267.31;-1269.05;
0.9407;-9.33543;731.87;-0.000405016;731.87;-0.000405018;40651.1;1275.17;-1277.9;
0.940791;-10.6643;633.763;-0.000399429;633.763;-0.000399429;40854.3;1278.35;-1280.98;
0.940836;-11.2401;593.313;-0.000375098;593.313;-0.000375098;40953.9;1279.9;-1282.49;
0.940861;-11.5164;580.059;-0.000366771;580.059;-0.000366771;41005.4;1280.71;-1283.28;
0.940884;-11.7625;571.465;-0.000361364;571.465;-0.000361364;41054.1;1281.47;-1284.03;
0.940926;-12.1568;559.845;-0.000354012;559.845;-0.000354012;41140.4;1282.82;-1285.36;
0.94101;-12.7621;539.254;-0.000340853;539.254;-0.000340853;41308.4;1285.43;-1287.96;
0.941174;-13.2739;499.431;-0.000314971;499.431;-0.000314971;41620.4;1290.28;-1292.76;
0.941504;-11.8911;421.164;-0.000262566;421.164;-0.000262566;42172.8;1298.81;-1301.2;
0.94198;-5.28066;311.654;-0.000186198;311.654;-0.000186198;42797.9;1308.4;-1310.67;
0.942504;6.4244;194.887;-0.000101714;194.887;-0.000101713;43242.1;1315.17;-1317.3;
0.943066;21.578;72.2871;-1.09134e-05;72.2871;-1.09134e-05;43430.9;1318.04;-1319.98;
0.943397;30.8419;6.85372;4.05596e-05;6.85372;4.05596e-05;43407.6;1317.69;-1319.42;
0.943635;37.3544;0.0015171;6.55051e-05;0.0015171;6.55051e-05;43357;1316.92;-1318.03;
0.943912;44.5343;-3.92702e-05;9.00499e-05;-3.92698e-05;9.00502e-05;43282.6;1315.79;-1315.38;
0.944219;51.8931;-6.15744e-05;0.000117157;-6.15746e-05;0.000117157;43188.1;1314.35;-1311.13;
0.944791;63.486;-0.000103743;0.000166879;-0.000103743;0.000166879;42989.9;1311.33;-1299.6;
0.945791;76.1884;-0.000178881;0.000250252;-0.000178882;0.000250251;42599.8;1305.37;-1268.25;
0.946791;78.6422;-0.00025504;0.000327915;-0.00025504;0.000327915;42186.7;1299.03;-1222.94;
0.947791;70.9415;-0.000331224;0.000398947;-0.000331224;0.000398947;41787.2;1292.86;-1164.18;
0.948791;54.1097;-0.00040638;0.000462975;-0.00040638;0.000462975;41436.4;1287.42;-1092.61;
0.949791;30.0546;-0.000479114;0.000519862;-0.000479114;0.000519862;41163.3;1283.17;-1009.03;
0.950791;1.38459;-0.000547854;0.000569753;-0.000547855;0.000569753;40988.5;1280.45;-914.345;
0.951791;-28.8636;-0.000610952;0.000612995;-0.000610952;0.000612994;40922.6;1279.41;-809.602;
0.952791;-57.5416;-0.000666788;0.000650033;-0.000666789;0.000650033;40964.6;1280.07;-695.955;
0.953791;-81.7154;-0.000713893;0.000681318;-0.000713893;0.000681318;41103.4;1282.24;-574.651;
0.954791;-98.9637;-0.000751043;0.00070721;-0.000751044;0.00070721;41318;1285.58;-447.027;
0.955791;-107.62;-0.00077735;0.000727906;-0.00077735;0.000727905;41580.1;1289.65;-314.485;
0.956791;-106.93;-0.00079231;0.000743389;-0.00079231;0.000743389;41856.6;1293.93;-178.484;
0.957791;-97.1184;-0.000795836;0.000753414;-0.000795836;0.000753414;42113.4;1297.9;-40.5193;
0.958791;-79.3451;-0.000788236;0.000757523;-0.000788236;0.000757523;42318.6;1301.05;97.8909;
0.959791;-55.5732;-0.000770177;0.000755088;-0.000770177;0.000755088;42445.8;1303.01;235.224;
0.960791;-28.3523;-0.00074261;0.000745383;-0.00074261;0.000745383;42477.4;1303.49;369.97;
0.961791;-0.54584;-0.00070668;0.000727673;-0.00070668;0.000727673;42406.2;1302.4;500.647;
0.962791;24.9691;-0.000663625;0.00070131;-0.000663625;0.00070131;42235.8;1299.78;625.816;
0.963791;45.5993;-0.000614675;0.000665827;-0.000614675;0.000665827;41980.7;1295.85;744.101;
0.964791;59.2978;-0.000560964;0.00062102;-0.000560964;0.00062102;41663.8;1290.95;854.201;
0.965791;64.7664;-0.000503456;0.000567009;-0.000503455;0.000567009;41313.7;1285.52;954.905;
0.966791;61.5772;-0.000442899;0.00050427;-0.000442899;0.00050427;40962.2;1280.03;1045.1;
0.967791;50.2025;-0.000379814;0.000433642;-0.000379813;0.000433642;40639.9;1274.99;1123.81;
0.968791;31.9513;-0.000314502;0.000356291;-0.000314502;0.000356291;40373.8;1270.81;1190.15;
0.969791;8.82028;-0.000247092;0.000273661;-0.000247092;0.000273661;40184.5;1267.83;1243.4;
0.970411;-6.59431;-0.000216042;39.259;-0.000216054;39.259;40175.8;1267.69;1269.56;
0.97065;-11.0584;-0.00040532;731.458;-0.000405317;731.458;40672.7;1275.5;1278.24;
0.97074;-12.3583;-0.000398086;629.213;-0.000398086;629.213;40873.6;1278.65;1281.27;
0.97078;-12.8652;-0.00037503;591.626;-0.00037503;591.626;40961.7;1280.03;1282.61;
0.970803;-13.1219;-0.000366817;578.55;-0.000366817;578.55;41009.4;1280.77;1283.34;
0.970824;-13.3505;-0.000361545;570.166;-0.000361545;570.166;41054.3;1281.47;1284.03;
0.970867;-13.7584;-0.000353817;557.945;-0.000353817;557.945;41142.5;1282.85;1285.39;
0.970953;-14.3823;-0.000340351;536.868;-0.000340351;536.868;41314.1;1285.52;1288.04;
0.971104;-14.888;-0.000316582;500.266;-0.000316582;500.266;41601.9;1289.99;1292.47;
0.971407;-13.8322;-0.000268371;428.049;-0.000268371;428.049;42116.7;1297.95;1300.35;
0.971887;-7.56487;-0.000191535;317.487;-0.000191535;317.487;42761.3;1307.84;1310.12;
0.972443;4.66185;-0.000101864;193.355;-0.000101864;193.355;43241.7;1315.17;1317.29;
0.973;19.6476;-1.19394e-05;71.9239;-1.19394e-05;71.9239;43430.6;1318.04;1319.98;
0.973329;28.8701;3.91645e-05;6.99063;3.91645e-05;6.99063;43409.9;1317.72;1319.45;
0.973567;35.4287;6.42025e-05;0.0015641;6.42025e-05;0.0015641;43361;1316.98;1318.09;
0.973842;42.6378;8.8679e-05;-3.91415e-05;8.86791e-05;-3.91417e-05;43288.8;1315.88;1315.49;
0.97415;50.0798;0.000115819;-6.14231e-05;0.000115819;-6.14232e-05;43196.5;1314.48;1311.28;
0.974716;61.7641;0.000165091;-0.00010308;0.000165091;-0.00010308;43004.2;1311.55;1299.98;
0.975716;75.0003;0.000248666;-0.00017807;0.000248666;-0.00017807;42619.5;1305.67;1268.84;
0.976716;78.0987;0.000326584;-0.00025406;0.000326585;-0.00025406;42209.5;1299.38;1223.74;
0.977716;71.0874;0.000397898;-0.000330073;0.000397898;-0.000330073;41810.6;1293.22;1165.18;
0.978716;54.9183;0.00046221;-0.000405079;0.00046221;-0.000405079;41457.8;1287.75;1093.8;
0.979716;31.4316;0.000519361;-0.000477706;0.000519362;-0.000477706;41180.5;1283.44;1010.4;
0.980716;3.17868;0.000569478;-0.0005464;0.000569479;-0.0005464;40999.9;1280.62;915.875;
0.981716;-26.8443;0.000612891;-0.000609523;0.000612891;-0.000609523;40926.8;1279.48;811.279;
0.982716;-55.5092;0.00065004;-0.000665464;0.00065004;-0.000665464;40961.5;1280.02;697.758;
0.983716;-79.8796;0.000681374;-0.000712748;0.000681374;-0.000712748;41093.2;1282.08;576.562;
0.984716;-97.5108;0.000707261;-0.000750146;0.000707261;-0.000750146;41301.7;1285.33;449.024;
0.985716;-106.693;0.000727908;-0.00077675;0.000727908;-0.00077675;41559.4;1289.33;316.547;
0.986716;-106.617;0.000743318;-0.00079204;0.000743318;-0.00079204;41833.7;1293.58;180.588;
0.987716;-97.4408;0.000753266;-0.000795904;0.000753266;-0.000795905;42090.5;1297.54;42.6418;
0.988716;-80.2593;0.000757312;-0.000788629;0.000757312;-0.000788629;42298;1300.74;-95.7731;
0.989716;-56.9752;0.000754847;-0.000770859;0.000754847;-0.000770859;42429.5;1302.76;-233.134;
0.990716;-30.0894;0.00074516;-0.000743529;0.00074516;-0.000743529;42467.1;1303.34;-367.931;
0.991716;-2.43343;0.000727525;-0.000707771;0.000727525;-0.000707771;42402.6;1302.35;-498.681;
0.992716;23.1283;0.000701296;-0.000664818;0.000701296;-0.000664818;42239.3;1299.83;-623.945;
0.993716;43.9944;0.000666003;-0.000615902;0.000666003;-0.000615902;41990.5;1296;-742.346;
0.994716;58.0906;0.000621431;-0.000562164;0.000621431;-0.000562164;41678.7;1291.18;-852.581;
0.995716;64.0748;0.000567685;-0.000504581;0.000567685;-0.000504581;41332;1285.8;-953.437;
0.996716;61.4642;0.000505222;-0.00044392;0.000505222;-0.00044392;40981.8;1280.34;-1043.81;
0.997716;50.6703;0.000434858;-0.000380718;0.000434858;-0.000380719;40658.7;1275.28;-1122.69;
0.998716;32.942;0.000357742;-0.000315299;0.000357742;-0.000315299;40389.8;1271.06;-1189.23;
0.999716;10.2233;0.000275296;-0.000247804;0.000275296;-0.000247804;40196.1;1268.01;-1242.68;
1;3.03229;0.000250178;-0.000227413;0.000250178;-0.000227413;40156.1;1267.38;-1255.39;
